neighborhood,population,sex
el Raval,606,1
el Raval,705,2
el Raval,704,1
el Raval,785,2
el Raval,1636,1
el Raval,2025,2
el Raval,1340,1
el Raval,1632,2
el Raval,1140,1
el Raval,1308,2
el Raval,704,1
el Raval,927,2
el Raval,804,1
el Raval,1211,2
el Raval,1361,1
el Raval,2036,2
el Raval,1016,1
el Raval,1228,2
el Raval,1126,1
el Raval,1375,2
el Raval,1478,1
el Raval,1862,2
el Raval,954,1
el Raval,992,2
el Raval,760,1
el Raval,711,2
el Raval,954,1
el Raval,1200,2
el Raval,1151,1
el Raval,1204,2
el Raval,1068,1
el Raval,1091,2
el Raval,1298,1
el Raval,1296,2
el Raval,765,1
el Raval,803,2
el Raval,1373,1
el Raval,1632,2
el Raval,1158,1
el Raval,1079,2
el Raval,1070,1
el Raval,1120,2
el Barri Gotic,736,1
el Barri Gotic,834,2
el Barri Gotic,1056,1
el Barri Gotic,1042,2
el Barri Gotic,683,1
el Barri Gotic,704,2
el Barri Gotic,1855,1
el Barri Gotic,6835,2
el Barri Gotic,794,1
el Barri Gotic,770,2
el Barri Gotic,1009,1
el Barri Gotic,950,2
el Barri Gotic,723,1
el Barri Gotic,758,2
el Barri Gotic,1237,1
el Barri Gotic,1258,2
el Barri Gotic,750,1
el Barri Gotic,856,2
la Barceloneta,918,1
la Barceloneta,944,2
la Barceloneta,553,1
la Barceloneta,578,2
la Barceloneta,488,1
la Barceloneta,474,2
la Barceloneta,621,1
la Barceloneta,634,2
la Barceloneta,628,1
la Barceloneta,566,2
la Barceloneta,726,1
la Barceloneta,655,2
la Barceloneta,726,1
la Barceloneta,811,2
la Barceloneta,687,1
la Barceloneta,688,2
la Barceloneta,554,1
la Barceloneta,535,2
la Barceloneta,801,1
la Barceloneta,776,2
la Barceloneta,945,1
la Barceloneta,817,2
"Sant Pere, Santa Caterina i la Ribera",791,1
"Sant Pere, Santa Caterina i la Ribera",838,2
"Sant Pere, Santa Caterina i la Ribera",747,1
"Sant Pere, Santa Caterina i la Ribera",678,2
"Sant Pere, Santa Caterina i la Ribera",1006,1
"Sant Pere, Santa Caterina i la Ribera",1006,2
"Sant Pere, Santa Caterina i la Ribera",862,1
"Sant Pere, Santa Caterina i la Ribera",930,2
"Sant Pere, Santa Caterina i la Ribera",932,1
"Sant Pere, Santa Caterina i la Ribera",849,2
"Sant Pere, Santa Caterina i la Ribera",1095,1
"Sant Pere, Santa Caterina i la Ribera",1044,2
"Sant Pere, Santa Caterina i la Ribera",799,1
"Sant Pere, Santa Caterina i la Ribera",721,2
"Sant Pere, Santa Caterina i la Ribera",764,1
"Sant Pere, Santa Caterina i la Ribera",780,2
"Sant Pere, Santa Caterina i la Ribera",908,1
"Sant Pere, Santa Caterina i la Ribera",955,2
"Sant Pere, Santa Caterina i la Ribera",1265,1
"Sant Pere, Santa Caterina i la Ribera",1593,2
"Sant Pere, Santa Caterina i la Ribera",969,1
"Sant Pere, Santa Caterina i la Ribera",893,2
"Sant Pere, Santa Caterina i la Ribera",619,1
"Sant Pere, Santa Caterina i la Ribera",649,2
"Sant Pere, Santa Caterina i la Ribera",674,1
"Sant Pere, Santa Caterina i la Ribera",642,2
el Fort Pienc,648,1
el Fort Pienc,631,2
el Fort Pienc,1613,1
el Fort Pienc,1943,2
el Fort Pienc,644,1
el Fort Pienc,501,2
el Fort Pienc,785,1
el Fort Pienc,763,2
el Fort Pienc,1123,1
el Fort Pienc,950,2
el Fort Pienc,896,1
el Fort Pienc,779,2
el Fort Pienc,691,1
el Fort Pienc,558,2
el Fort Pienc,1023,1
el Fort Pienc,895,2
el Fort Pienc,978,1
el Fort Pienc,844,2
el Fort Pienc,654,1
el Fort Pienc,582,2
el Fort Pienc,571,1
el Fort Pienc,548,2
el Fort Pienc,806,1
el Fort Pienc,757,2
el Fort Pienc,602,1
el Fort Pienc,580,2
el Fort Pienc,702,1
el Fort Pienc,686,2
el Fort Pienc,811,1
el Fort Pienc,755,2
el Fort Pienc,1016,1
el Fort Pienc,847,2
el Fort Pienc,1042,1
el Fort Pienc,900,2
el Fort Pienc,990,1
el Fort Pienc,835,2
el Fort Pienc,1055,1
el Fort Pienc,937,2
el Fort Pienc,793,1
el Fort Pienc,711,2
la Sagrada Familia,798,1
la Sagrada Familia,709,2
la Sagrada Familia,684,1
la Sagrada Familia,660,2
la Sagrada Familia,574,1
la Sagrada Familia,470,2
la Sagrada Familia,640,1
la Sagrada Familia,520,2
la Sagrada Familia,606,1
la Sagrada Familia,558,2
la Sagrada Familia,1202,1
la Sagrada Familia,977,2
la Sagrada Familia,1113,1
la Sagrada Familia,967,2
la Sagrada Familia,1142,1
la Sagrada Familia,951,2
la Sagrada Familia,692,1
la Sagrada Familia,583,2
la Sagrada Familia,730,1
la Sagrada Familia,620,2
la Sagrada Familia,567,1
la Sagrada Familia,472,2
la Sagrada Familia,629,1
la Sagrada Familia,493,2
la Sagrada Familia,655,1
la Sagrada Familia,567,2
la Sagrada Familia,675,1
la Sagrada Familia,528,2
la Sagrada Familia,715,1
la Sagrada Familia,581,2
la Sagrada Familia,661,1
la Sagrada Familia,528,2
la Sagrada Familia,627,1
la Sagrada Familia,583,2
la Sagrada Familia,815,1
la Sagrada Familia,744,2
la Sagrada Familia,967,1
la Sagrada Familia,754,2
la Sagrada Familia,887,1
la Sagrada Familia,814,2
la Sagrada Familia,922,1
la Sagrada Familia,757,2
la Sagrada Familia,865,1
la Sagrada Familia,704,2
la Sagrada Familia,784,1
la Sagrada Familia,726,2
la Sagrada Familia,718,1
la Sagrada Familia,595,2
la Sagrada Familia,625,1
la Sagrada Familia,534,2
la Sagrada Familia,1041,1
la Sagrada Familia,916,2
la Sagrada Familia,1037,1
la Sagrada Familia,925,2
la Sagrada Familia,708,1
la Sagrada Familia,592,2
la Sagrada Familia,1124,1
la Sagrada Familia,977,2
la Sagrada Familia,893,1
la Sagrada Familia,758,2
la Sagrada Familia,1032,1
la Sagrada Familia,911,2
la Sagrada Familia,970,1
la Sagrada Familia,846,2
la Sagrada Familia,994,1
la Sagrada Familia,873,2
la Sagrada Familia,1026,1
la Sagrada Familia,853,2
la Dreta de l'Eixample,978,1
la Dreta de l'Eixample,861,2
la Dreta de l'Eixample,799,1
la Dreta de l'Eixample,677,2
la Dreta de l'Eixample,682,1
la Dreta de l'Eixample,589,2
la Dreta de l'Eixample,726,1
la Dreta de l'Eixample,650,2
la Dreta de l'Eixample,941,1
la Dreta de l'Eixample,732,2
la Dreta de l'Eixample,963,1
la Dreta de l'Eixample,775,2
la Dreta de l'Eixample,758,1
la Dreta de l'Eixample,607,2
la Dreta de l'Eixample,795,1
la Dreta de l'Eixample,742,2
la Dreta de l'Eixample,718,1
la Dreta de l'Eixample,491,2
la Dreta de l'Eixample,720,1
la Dreta de l'Eixample,615,2
la Dreta de l'Eixample,989,1
la Dreta de l'Eixample,897,2
la Dreta de l'Eixample,939,1
la Dreta de l'Eixample,798,2
la Dreta de l'Eixample,887,1
la Dreta de l'Eixample,772,2
la Dreta de l'Eixample,861,1
la Dreta de l'Eixample,772,2
la Dreta de l'Eixample,721,1
la Dreta de l'Eixample,652,2
la Dreta de l'Eixample,702,1
la Dreta de l'Eixample,590,2
la Dreta de l'Eixample,894,1
la Dreta de l'Eixample,814,2
la Dreta de l'Eixample,612,1
la Dreta de l'Eixample,590,2
la Dreta de l'Eixample,881,1
la Dreta de l'Eixample,769,2
la Dreta de l'Eixample,632,1
la Dreta de l'Eixample,610,2
la Dreta de l'Eixample,683,1
la Dreta de l'Eixample,618,2
la Dreta de l'Eixample,854,1
la Dreta de l'Eixample,760,2
la Dreta de l'Eixample,841,1
la Dreta de l'Eixample,889,2
la Dreta de l'Eixample,730,1
la Dreta de l'Eixample,646,2
la Dreta de l'Eixample,712,1
la Dreta de l'Eixample,690,2
la Dreta de l'Eixample,784,1
la Dreta de l'Eixample,807,2
la Dreta de l'Eixample,1157,1
la Dreta de l'Eixample,971,2
la Dreta de l'Eixample,480,1
la Dreta de l'Eixample,421,2
la Dreta de l'Eixample,992,1
la Dreta de l'Eixample,852,2
l'Antiga Esquerra de l'Eixample,1140,1
l'Antiga Esquerra de l'Eixample,936,2
l'Antiga Esquerra de l'Eixample,788,1
l'Antiga Esquerra de l'Eixample,629,2
l'Antiga Esquerra de l'Eixample,779,1
l'Antiga Esquerra de l'Eixample,664,2
l'Antiga Esquerra de l'Eixample,812,1
l'Antiga Esquerra de l'Eixample,665,2
l'Antiga Esquerra de l'Eixample,889,1
l'Antiga Esquerra de l'Eixample,775,2
l'Antiga Esquerra de l'Eixample,944,1
l'Antiga Esquerra de l'Eixample,846,2
l'Antiga Esquerra de l'Eixample,932,1
l'Antiga Esquerra de l'Eixample,796,2
l'Antiga Esquerra de l'Eixample,1005,1
l'Antiga Esquerra de l'Eixample,1071,2
l'Antiga Esquerra de l'Eixample,991,1
l'Antiga Esquerra de l'Eixample,1365,2
l'Antiga Esquerra de l'Eixample,876,1
l'Antiga Esquerra de l'Eixample,803,2
l'Antiga Esquerra de l'Eixample,772,1
l'Antiga Esquerra de l'Eixample,746,2
l'Antiga Esquerra de l'Eixample,781,1
l'Antiga Esquerra de l'Eixample,765,2
l'Antiga Esquerra de l'Eixample,748,1
l'Antiga Esquerra de l'Eixample,688,2
l'Antiga Esquerra de l'Eixample,565,1
l'Antiga Esquerra de l'Eixample,519,2
l'Antiga Esquerra de l'Eixample,798,1
l'Antiga Esquerra de l'Eixample,700,2
l'Antiga Esquerra de l'Eixample,844,1
l'Antiga Esquerra de l'Eixample,758,2
l'Antiga Esquerra de l'Eixample,705,1
l'Antiga Esquerra de l'Eixample,633,2
l'Antiga Esquerra de l'Eixample,1194,1
l'Antiga Esquerra de l'Eixample,1047,2
l'Antiga Esquerra de l'Eixample,770,1
l'Antiga Esquerra de l'Eixample,607,2
l'Antiga Esquerra de l'Eixample,867,1
l'Antiga Esquerra de l'Eixample,768,2
l'Antiga Esquerra de l'Eixample,644,1
l'Antiga Esquerra de l'Eixample,538,2
l'Antiga Esquerra de l'Eixample,1164,1
l'Antiga Esquerra de l'Eixample,954,2
l'Antiga Esquerra de l'Eixample,755,1
l'Antiga Esquerra de l'Eixample,651,2
l'Antiga Esquerra de l'Eixample,906,1
l'Antiga Esquerra de l'Eixample,748,2
l'Antiga Esquerra de l'Eixample,899,1
l'Antiga Esquerra de l'Eixample,745,2
l'Antiga Esquerra de l'Eixample,1117,1
l'Antiga Esquerra de l'Eixample,944,2
la Nova Esquerra de l'Eixample,1024,1
la Nova Esquerra de l'Eixample,881,2
la Nova Esquerra de l'Eixample,999,1
la Nova Esquerra de l'Eixample,834,2
la Nova Esquerra de l'Eixample,695,1
la Nova Esquerra de l'Eixample,609,2
la Nova Esquerra de l'Eixample,1151,1
la Nova Esquerra de l'Eixample,1055,2
la Nova Esquerra de l'Eixample,927,1
la Nova Esquerra de l'Eixample,752,2
la Nova Esquerra de l'Eixample,727,1
la Nova Esquerra de l'Eixample,623,2
la Nova Esquerra de l'Eixample,536,1
la Nova Esquerra de l'Eixample,452,2
la Nova Esquerra de l'Eixample,672,1
la Nova Esquerra de l'Eixample,543,2
la Nova Esquerra de l'Eixample,812,1
la Nova Esquerra de l'Eixample,691,2
la Nova Esquerra de l'Eixample,669,1
la Nova Esquerra de l'Eixample,604,2
la Nova Esquerra de l'Eixample,604,1
la Nova Esquerra de l'Eixample,559,2
la Nova Esquerra de l'Eixample,650,1
la Nova Esquerra de l'Eixample,590,2
la Nova Esquerra de l'Eixample,568,1
la Nova Esquerra de l'Eixample,480,2
la Nova Esquerra de l'Eixample,578,1
la Nova Esquerra de l'Eixample,545,2
la Nova Esquerra de l'Eixample,593,1
la Nova Esquerra de l'Eixample,484,2
la Nova Esquerra de l'Eixample,921,1
la Nova Esquerra de l'Eixample,763,2
la Nova Esquerra de l'Eixample,800,1
la Nova Esquerra de l'Eixample,676,2
la Nova Esquerra de l'Eixample,600,1
la Nova Esquerra de l'Eixample,551,2
la Nova Esquerra de l'Eixample,711,1
la Nova Esquerra de l'Eixample,616,2
la Nova Esquerra de l'Eixample,837,1
la Nova Esquerra de l'Eixample,679,2
la Nova Esquerra de l'Eixample,589,1
la Nova Esquerra de l'Eixample,518,2
la Nova Esquerra de l'Eixample,610,1
la Nova Esquerra de l'Eixample,533,2
la Nova Esquerra de l'Eixample,545,1
la Nova Esquerra de l'Eixample,508,2
la Nova Esquerra de l'Eixample,464,1
la Nova Esquerra de l'Eixample,370,2
la Nova Esquerra de l'Eixample,771,1
la Nova Esquerra de l'Eixample,707,2
la Nova Esquerra de l'Eixample,1131,1
la Nova Esquerra de l'Eixample,1015,2
la Nova Esquerra de l'Eixample,487,1
la Nova Esquerra de l'Eixample,405,2
la Nova Esquerra de l'Eixample,777,1
la Nova Esquerra de l'Eixample,707,2
la Nova Esquerra de l'Eixample,1027,1
la Nova Esquerra de l'Eixample,935,2
la Nova Esquerra de l'Eixample,894,1
la Nova Esquerra de l'Eixample,784,2
la Nova Esquerra de l'Eixample,1021,1
la Nova Esquerra de l'Eixample,866,2
la Nova Esquerra de l'Eixample,635,1
la Nova Esquerra de l'Eixample,545,2
la Nova Esquerra de l'Eixample,1072,1
la Nova Esquerra de l'Eixample,973,2
la Nova Esquerra de l'Eixample,697,1
la Nova Esquerra de l'Eixample,686,2
la Nova Esquerra de l'Eixample,827,1
la Nova Esquerra de l'Eixample,733,2
la Nova Esquerra de l'Eixample,642,1
la Nova Esquerra de l'Eixample,598,2
la Nova Esquerra de l'Eixample,641,1
la Nova Esquerra de l'Eixample,549,2
la Nova Esquerra de l'Eixample,1135,1
la Nova Esquerra de l'Eixample,1012,2
la Nova Esquerra de l'Eixample,876,1
la Nova Esquerra de l'Eixample,735,2
la Nova Esquerra de l'Eixample,928,1
la Nova Esquerra de l'Eixample,897,2
Sant Antoni,812,1
Sant Antoni,731,2
Sant Antoni,805,1
Sant Antoni,700,2
Sant Antoni,685,1
Sant Antoni,571,2
Sant Antoni,708,1
Sant Antoni,625,2
Sant Antoni,557,1
Sant Antoni,530,2
Sant Antoni,988,1
Sant Antoni,869,2
Sant Antoni,662,1
Sant Antoni,611,2
Sant Antoni,658,1
Sant Antoni,559,2
Sant Antoni,831,1
Sant Antoni,774,2
Sant Antoni,1020,1
Sant Antoni,956,2
Sant Antoni,1040,1
Sant Antoni,953,2
Sant Antoni,626,1
Sant Antoni,572,2
Sant Antoni,718,1
Sant Antoni,689,2
Sant Antoni,960,1
Sant Antoni,885,2
Sant Antoni,749,1
Sant Antoni,718,2
Sant Antoni,880,1
Sant Antoni,836,2
Sant Antoni,1100,1
Sant Antoni,1019,2
Sant Antoni,1107,1
Sant Antoni,1021,2
Sant Antoni,1211,1
Sant Antoni,1067,2
Sant Antoni,793,1
Sant Antoni,742,2
Sant Antoni,840,1
Sant Antoni,715,2
Sant Antoni,857,1
Sant Antoni,816,2
Sant Antoni,842,1
Sant Antoni,759,2
Sant Antoni,804,1
Sant Antoni,729,2
el Poble-sec,887,1
el Poble-sec,808,2
el Poble-sec,973,1
el Poble-sec,935,2
el Poble-sec,882,1
el Poble-sec,820,2
el Poble-sec,856,1
el Poble-sec,779,2
el Poble-sec,636,1
el Poble-sec,569,2
el Poble-sec,713,1
el Poble-sec,699,2
el Poble-sec,895,1
el Poble-sec,808,2
el Poble-sec,613,1
el Poble-sec,567,2
el Poble-sec,646,1
el Poble-sec,587,2
el Poble-sec,928,1
el Poble-sec,1003,2
el Poble-sec,879,1
el Poble-sec,895,2
el Poble-sec,1107,1
el Poble-sec,1063,2
el Poble-sec,916,1
el Poble-sec,898,2
el Poble-sec,913,1
el Poble-sec,906,2
el Poble-sec,1533,1
el Poble-sec,1499,2
el Poble-sec,656,1
el Poble-sec,603,2
el Poble-sec,845,1
el Poble-sec,855,2
el Poble-sec,859,1
el Poble-sec,875,2
el Poble-sec,809,1
el Poble-sec,735,2
el Poble-sec,593,1
el Poble-sec,613,2
el Poble-sec,563,1
el Poble-sec,512,2
el Poble-sec,726,1
el Poble-sec,730,2
el Poble-sec,974,1
el Poble-sec,962,2
el Poble-sec,1027,1
el Poble-sec,1054,2
la Marina del Prat Vermell,657,1
la Marina del Prat Vermell,699,2
la Marina de Port,532,1
la Marina de Port,483,2
la Marina de Port,915,1
la Marina de Port,848,2
la Marina de Port,1353,1
la Marina de Port,1311,2
la Marina de Port,675,1
la Marina de Port,627,2
la Marina de Port,856,1
la Marina de Port,722,2
la Marina de Port,1257,1
la Marina de Port,1154,2
la Marina de Port,886,1
la Marina de Port,830,2
la Marina de Port,737,1
la Marina de Port,752,2
la Marina de Port,795,1
la Marina de Port,722,2
la Marina de Port,783,1
la Marina de Port,756,2
la Marina de Port,1178,1
la Marina de Port,1083,2
la Marina de Port,1252,1
la Marina de Port,1151,2
la Marina de Port,534,1
la Marina de Port,493,2
la Marina de Port,1304,1
la Marina de Port,1165,2
la Marina de Port,1251,1
la Marina de Port,1180,2
la Marina de Port,502,1
la Marina de Port,456,2
la Marina de Port,1331,1
la Marina de Port,1218,2
la Font de la Guatlla,788,1
la Font de la Guatlla,678,2
la Font de la Guatlla,735,1
la Font de la Guatlla,668,2
la Font de la Guatlla,704,1
la Font de la Guatlla,684,2
la Font de la Guatlla,875,1
la Font de la Guatlla,743,2
la Font de la Guatlla,978,1
la Font de la Guatlla,907,2
la Font de la Guatlla,547,1
la Font de la Guatlla,513,2
la Font de la Guatlla,750,1
la Font de la Guatlla,669,2
Hostafrancs,919,1
Hostafrancs,847,2
Hostafrancs,704,1
Hostafrancs,623,2
Hostafrancs,882,1
Hostafrancs,779,2
Hostafrancs,829,1
Hostafrancs,813,2
Hostafrancs,988,1
Hostafrancs,976,2
Hostafrancs,706,1
Hostafrancs,619,2
Hostafrancs,1151,1
Hostafrancs,1064,2
Hostafrancs,841,1
Hostafrancs,797,2
Hostafrancs,853,1
Hostafrancs,770,2
Hostafrancs,505,1
Hostafrancs,436,2
la Bordeta,770,1
la Bordeta,696,2
la Bordeta,931,1
la Bordeta,812,2
la Bordeta,613,1
la Bordeta,592,2
la Bordeta,712,1
la Bordeta,694,2
la Bordeta,611,1
la Bordeta,529,2
la Bordeta,823,1
la Bordeta,717,2
la Bordeta,985,1
la Bordeta,961,2
la Bordeta,639,1
la Bordeta,566,2
la Bordeta,699,1
la Bordeta,645,2
la Bordeta,1201,1
la Bordeta,1116,2
la Bordeta,938,1
la Bordeta,827,2
la Bordeta,627,1
la Bordeta,551,2
la Bordeta,620,1
la Bordeta,576,2
Sants - Badal,684,1
Sants - Badal,670,2
Sants - Badal,702,1
Sants - Badal,647,2
Sants - Badal,766,1
Sants - Badal,681,2
Sants - Badal,818,1
Sants - Badal,761,2
Sants - Badal,975,1
Sants - Badal,847,2
Sants - Badal,927,1
Sants - Badal,825,2
Sants - Badal,590,1
Sants - Badal,512,2
Sants - Badal,725,1
Sants - Badal,613,2
Sants - Badal,923,1
Sants - Badal,829,2
Sants - Badal,976,1
Sants - Badal,851,2
Sants - Badal,852,1
Sants - Badal,689,2
Sants - Badal,1036,1
Sants - Badal,931,2
Sants - Badal,1029,1
Sants - Badal,874,2
Sants - Badal,747,1
Sants - Badal,646,2
Sants - Badal,761,1
Sants - Badal,653,2
Sants - Badal,728,1
Sants - Badal,635,2
Sants,641,1
Sants,600,2
Sants,767,1
Sants,677,2
Sants,760,1
Sants,684,2
Sants,673,1
Sants,581,2
Sants,538,1
Sants,460,2
Sants,761,1
Sants,724,2
Sants,644,1
Sants,572,2
Sants,816,1
Sants,691,2
Sants,662,1
Sants,568,2
Sants,873,1
Sants,761,2
Sants,845,1
Sants,744,2
Sants,881,1
Sants,809,2
Sants,731,1
Sants,714,2
Sants,541,1
Sants,447,2
Sants,732,1
Sants,596,2
Sants,1725,1
Sants,2551,2
Sants,683,1
Sants,622,2
Sants,627,1
Sants,521,2
Sants,749,1
Sants,682,2
Sants,664,1
Sants,527,2
Sants,679,1
Sants,594,2
Sants,840,1
Sants,808,2
Sants,875,1
Sants,789,2
Sants,788,1
Sants,753,2
Sants,796,1
Sants,697,2
Sants,701,1
Sants,594,2
Sants,979,1
Sants,868,2
Sants,854,1
Sants,751,2
Sants,775,1
Sants,694,2
les Corts,665,1
les Corts,593,2
les Corts,999,1
les Corts,918,2
les Corts,531,1
les Corts,494,2
les Corts,509,1
les Corts,479,2
les Corts,667,1
les Corts,558,2
les Corts,597,1
les Corts,503,2
les Corts,592,1
les Corts,470,2
les Corts,539,1
les Corts,462,2
les Corts,787,1
les Corts,674,2
les Corts,484,1
les Corts,414,2
les Corts,926,1
les Corts,814,2
les Corts,741,1
les Corts,635,2
les Corts,648,1
les Corts,560,2
les Corts,447,1
les Corts,373,2
les Corts,1032,1
les Corts,847,2
les Corts,587,1
les Corts,515,2
les Corts,652,1
les Corts,543,2
les Corts,830,1
les Corts,681,2
les Corts,702,1
les Corts,633,2
les Corts,807,1
les Corts,681,2
les Corts,691,1
les Corts,588,2
les Corts,846,1
les Corts,769,2
les Corts,560,1
les Corts,485,2
les Corts,554,1
les Corts,478,2
les Corts,640,1
les Corts,531,2
les Corts,668,1
les Corts,535,2
les Corts,713,1
les Corts,625,2
les Corts,706,1
les Corts,611,2
les Corts,617,1
les Corts,499,2
les Corts,1013,1
les Corts,831,2
les Corts,958,1
les Corts,938,2
les Corts,843,1
les Corts,682,2
les Corts,626,1
les Corts,521,2
les Corts,762,1
les Corts,706,2
les Corts,747,1
les Corts,611,2
la Maternitat i Sant Ramon,950,1
la Maternitat i Sant Ramon,787,2
la Maternitat i Sant Ramon,1128,1
la Maternitat i Sant Ramon,960,2
la Maternitat i Sant Ramon,679,1
la Maternitat i Sant Ramon,580,2
la Maternitat i Sant Ramon,631,1
la Maternitat i Sant Ramon,554,2
la Maternitat i Sant Ramon,825,1
la Maternitat i Sant Ramon,779,2
la Maternitat i Sant Ramon,707,1
la Maternitat i Sant Ramon,632,2
la Maternitat i Sant Ramon,939,1
la Maternitat i Sant Ramon,814,2
la Maternitat i Sant Ramon,865,1
la Maternitat i Sant Ramon,748,2
la Maternitat i Sant Ramon,839,1
la Maternitat i Sant Ramon,729,2
la Maternitat i Sant Ramon,761,1
la Maternitat i Sant Ramon,660,2
la Maternitat i Sant Ramon,1255,1
la Maternitat i Sant Ramon,1158,2
la Maternitat i Sant Ramon,990,1
la Maternitat i Sant Ramon,858,2
la Maternitat i Sant Ramon,803,1
la Maternitat i Sant Ramon,686,2
la Maternitat i Sant Ramon,618,1
la Maternitat i Sant Ramon,538,2
la Maternitat i Sant Ramon,732,1
la Maternitat i Sant Ramon,620,2
Pedralbes,1067,1
Pedralbes,961,2
Pedralbes,916,1
Pedralbes,719,2
Pedralbes,1201,1
Pedralbes,991,2
Pedralbes,881,1
Pedralbes,809,2
Pedralbes,534,1
Pedralbes,464,2
Pedralbes,778,1
Pedralbes,727,2
Pedralbes,929,1
Pedralbes,831,2
"Vallvidrera, el Tibidabo i les Planes",888,1
"Vallvidrera, el Tibidabo i les Planes",899,2
"Vallvidrera, el Tibidabo i les Planes",811,1
"Vallvidrera, el Tibidabo i les Planes",775,2
"Vallvidrera, el Tibidabo i les Planes",706,1
"Vallvidrera, el Tibidabo i les Planes",681,2
Sarria,644,1
Sarria,469,2
Sarria,623,1
Sarria,608,2
Sarria,901,1
Sarria,871,2
Sarria,901,1
Sarria,939,2
Sarria,896,1
Sarria,790,2
Sarria,938,1
Sarria,778,2
Sarria,799,1
Sarria,717,2
Sarria,776,1
Sarria,636,2
Sarria,738,1
Sarria,609,2
Sarria,875,1
Sarria,790,2
Sarria,853,1
Sarria,739,2
Sarria,844,1
Sarria,683,2
Sarria,1009,1
Sarria,848,2
Sarria,839,1
Sarria,717,2
Sarria,682,1
Sarria,573,2
Sarria,925,1
Sarria,759,2
les Tres Torres,629,1
les Tres Torres,526,2
les Tres Torres,685,1
les Tres Torres,604,2
les Tres Torres,971,1
les Tres Torres,776,2
les Tres Torres,796,1
les Tres Torres,672,2
les Tres Torres,1025,1
les Tres Torres,882,2
les Tres Torres,695,1
les Tres Torres,614,2
les Tres Torres,737,1
les Tres Torres,668,2
les Tres Torres,743,1
les Tres Torres,662,2
les Tres Torres,832,1
les Tres Torres,809,2
les Tres Torres,849,1
les Tres Torres,782,2
les Tres Torres,750,1
les Tres Torres,649,2
Sant Gervasi - la Bonanova,851,1
Sant Gervasi - la Bonanova,774,2
Sant Gervasi - la Bonanova,984,1
Sant Gervasi - la Bonanova,851,2
Sant Gervasi - la Bonanova,747,1
Sant Gervasi - la Bonanova,677,2
Sant Gervasi - la Bonanova,688,1
Sant Gervasi - la Bonanova,638,2
Sant Gervasi - la Bonanova,531,1
Sant Gervasi - la Bonanova,506,2
Sant Gervasi - la Bonanova,906,1
Sant Gervasi - la Bonanova,802,2
Sant Gervasi - la Bonanova,814,1
Sant Gervasi - la Bonanova,637,2
Sant Gervasi - la Bonanova,734,1
Sant Gervasi - la Bonanova,614,2
Sant Gervasi - la Bonanova,819,1
Sant Gervasi - la Bonanova,718,2
Sant Gervasi - la Bonanova,787,1
Sant Gervasi - la Bonanova,649,2
Sant Gervasi - la Bonanova,1000,1
Sant Gervasi - la Bonanova,939,2
Sant Gervasi - la Bonanova,683,1
Sant Gervasi - la Bonanova,610,2
Sant Gervasi - la Bonanova,804,1
Sant Gervasi - la Bonanova,660,2
Sant Gervasi - la Bonanova,739,1
Sant Gervasi - la Bonanova,587,2
Sant Gervasi - la Bonanova,896,1
Sant Gervasi - la Bonanova,719,2
Sant Gervasi - la Bonanova,641,1
Sant Gervasi - la Bonanova,497,2
Sant Gervasi - la Bonanova,684,1
Sant Gervasi - la Bonanova,550,2
Sant Gervasi - la Bonanova,695,1
Sant Gervasi - la Bonanova,553,2
Sant Gervasi - Galvany,919,1
Sant Gervasi - Galvany,746,2
Sant Gervasi - Galvany,863,1
Sant Gervasi - Galvany,758,2
Sant Gervasi - Galvany,870,1
Sant Gervasi - Galvany,741,2
Sant Gervasi - Galvany,803,1
Sant Gervasi - Galvany,635,2
Sant Gervasi - Galvany,799,1
Sant Gervasi - Galvany,704,2
Sant Gervasi - Galvany,584,1
Sant Gervasi - Galvany,463,2
Sant Gervasi - Galvany,764,1
Sant Gervasi - Galvany,643,2
Sant Gervasi - Galvany,697,1
Sant Gervasi - Galvany,504,2
Sant Gervasi - Galvany,879,1
Sant Gervasi - Galvany,783,2
Sant Gervasi - Galvany,845,1
Sant Gervasi - Galvany,707,2
Sant Gervasi - Galvany,863,1
Sant Gervasi - Galvany,683,2
Sant Gervasi - Galvany,655,1
Sant Gervasi - Galvany,502,2
Sant Gervasi - Galvany,828,1
Sant Gervasi - Galvany,632,2
Sant Gervasi - Galvany,925,1
Sant Gervasi - Galvany,711,2
Sant Gervasi - Galvany,853,1
Sant Gervasi - Galvany,698,2
Sant Gervasi - Galvany,900,1
Sant Gervasi - Galvany,706,2
Sant Gervasi - Galvany,900,1
Sant Gervasi - Galvany,752,2
Sant Gervasi - Galvany,741,1
Sant Gervasi - Galvany,602,2
Sant Gervasi - Galvany,683,1
Sant Gervasi - Galvany,563,2
Sant Gervasi - Galvany,839,1
Sant Gervasi - Galvany,697,2
Sant Gervasi - Galvany,935,1
Sant Gervasi - Galvany,810,2
Sant Gervasi - Galvany,799,1
Sant Gervasi - Galvany,641,2
Sant Gervasi - Galvany,916,1
Sant Gervasi - Galvany,712,2
Sant Gervasi - Galvany,959,1
Sant Gervasi - Galvany,764,2
Sant Gervasi - Galvany,882,1
Sant Gervasi - Galvany,727,2
Sant Gervasi - Galvany,900,1
Sant Gervasi - Galvany,768,2
Sant Gervasi - Galvany,1045,1
Sant Gervasi - Galvany,806,2
Sant Gervasi - Galvany,776,1
Sant Gervasi - Galvany,640,2
Sant Gervasi - Galvany,789,1
Sant Gervasi - Galvany,659,2
Sant Gervasi - Galvany,1137,1
Sant Gervasi - Galvany,972,2
Sant Gervasi - Galvany,688,1
Sant Gervasi - Galvany,581,2
el Putxet i el Farro,745,1
el Putxet i el Farro,631,2
el Putxet i el Farro,875,1
el Putxet i el Farro,735,2
el Putxet i el Farro,898,1
el Putxet i el Farro,739,2
el Putxet i el Farro,692,1
el Putxet i el Farro,585,2
el Putxet i el Farro,746,1
el Putxet i el Farro,598,2
el Putxet i el Farro,701,1
el Putxet i el Farro,631,2
el Putxet i el Farro,727,1
el Putxet i el Farro,620,2
el Putxet i el Farro,873,1
el Putxet i el Farro,725,2
el Putxet i el Farro,896,1
el Putxet i el Farro,861,2
el Putxet i el Farro,926,1
el Putxet i el Farro,862,2
el Putxet i el Farro,1017,1
el Putxet i el Farro,889,2
el Putxet i el Farro,867,1
el Putxet i el Farro,688,2
el Putxet i el Farro,872,1
el Putxet i el Farro,750,2
el Putxet i el Farro,630,1
el Putxet i el Farro,474,2
el Putxet i el Farro,1502,1
el Putxet i el Farro,1209,2
el Putxet i el Farro,935,1
el Putxet i el Farro,753,2
el Putxet i el Farro,637,1
el Putxet i el Farro,513,2
el Putxet i el Farro,848,1
el Putxet i el Farro,773,2
el Putxet i el Farro,867,1
el Putxet i el Farro,696,2
Vallcarca i els Penitents,688,1
Vallcarca i els Penitents,497,2
Vallcarca i els Penitents,837,1
Vallcarca i els Penitents,701,2
Vallcarca i els Penitents,1187,1
Vallcarca i els Penitents,1107,2
Vallcarca i els Penitents,734,1
Vallcarca i els Penitents,713,2
Vallcarca i els Penitents,538,1
Vallcarca i els Penitents,492,2
Vallcarca i els Penitents,1052,1
Vallcarca i els Penitents,915,2
Vallcarca i els Penitents,1114,1
Vallcarca i els Penitents,890,2
Vallcarca i els Penitents,688,1
Vallcarca i els Penitents,601,2
Vallcarca i els Penitents,568,1
Vallcarca i els Penitents,509,2
Vallcarca i els Penitents,690,1
Vallcarca i els Penitents,625,2
Vallcarca i els Penitents,623,1
Vallcarca i els Penitents,556,2
el Coll,959,1
el Coll,842,2
el Coll,793,1
el Coll,664,2
el Coll,763,1
el Coll,678,2
el Coll,871,1
el Coll,770,2
el Coll,712,1
el Coll,636,2
la Salut,704,1
la Salut,644,2
la Salut,795,1
la Salut,700,2
la Salut,631,1
la Salut,545,2
la Salut,738,1
la Salut,642,2
la Salut,677,1
la Salut,693,2
la Salut,704,1
la Salut,598,2
la Salut,950,1
la Salut,786,2
la Salut,777,1
la Salut,630,2
la Salut,556,1
la Salut,469,2
la Salut,680,1
la Salut,536,2
la Vila de Gracia,684,1
la Vila de Gracia,644,2
la Vila de Gracia,685,1
la Vila de Gracia,600,2
la Vila de Gracia,710,1
la Vila de Gracia,643,2
la Vila de Gracia,608,1
la Vila de Gracia,498,2
la Vila de Gracia,645,1
la Vila de Gracia,524,2
la Vila de Gracia,712,1
la Vila de Gracia,576,2
la Vila de Gracia,670,1
la Vila de Gracia,547,2
la Vila de Gracia,580,1
la Vila de Gracia,494,2
la Vila de Gracia,838,1
la Vila de Gracia,648,2
la Vila de Gracia,600,1
la Vila de Gracia,544,2
la Vila de Gracia,840,1
la Vila de Gracia,646,2
la Vila de Gracia,864,1
la Vila de Gracia,721,2
la Vila de Gracia,948,1
la Vila de Gracia,718,2
la Vila de Gracia,957,1
la Vila de Gracia,782,2
la Vila de Gracia,889,1
la Vila de Gracia,804,2
la Vila de Gracia,678,1
la Vila de Gracia,592,2
la Vila de Gracia,832,1
la Vila de Gracia,736,2
la Vila de Gracia,704,1
la Vila de Gracia,604,2
la Vila de Gracia,622,1
la Vila de Gracia,525,2
la Vila de Gracia,669,1
la Vila de Gracia,553,2
la Vila de Gracia,757,1
la Vila de Gracia,656,2
la Vila de Gracia,652,1
la Vila de Gracia,514,2
la Vila de Gracia,710,1
la Vila de Gracia,625,2
la Vila de Gracia,698,1
la Vila de Gracia,542,2
la Vila de Gracia,830,1
la Vila de Gracia,677,2
la Vila de Gracia,817,1
la Vila de Gracia,676,2
la Vila de Gracia,834,1
la Vila de Gracia,791,2
la Vila de Gracia,794,1
la Vila de Gracia,640,2
la Vila de Gracia,852,1
la Vila de Gracia,716,2
la Vila de Gracia,856,1
la Vila de Gracia,677,2
la Vila de Gracia,946,1
la Vila de Gracia,776,2
la Vila de Gracia,800,1
la Vila de Gracia,705,2
la Vila de Gracia,952,1
la Vila de Gracia,824,2
la Vila de Gracia,678,1
la Vila de Gracia,622,2
la Vila de Gracia,657,1
la Vila de Gracia,555,2
la Vila de Gracia,820,1
la Vila de Gracia,673,2
el Camp d'en Grassot i Gracia Nova,1066,1
el Camp d'en Grassot i Gracia Nova,860,2
el Camp d'en Grassot i Gracia Nova,622,1
el Camp d'en Grassot i Gracia Nova,538,2
el Camp d'en Grassot i Gracia Nova,550,1
el Camp d'en Grassot i Gracia Nova,433,2
el Camp d'en Grassot i Gracia Nova,967,1
el Camp d'en Grassot i Gracia Nova,803,2
el Camp d'en Grassot i Gracia Nova,877,1
el Camp d'en Grassot i Gracia Nova,678,2
el Camp d'en Grassot i Gracia Nova,587,1
el Camp d'en Grassot i Gracia Nova,498,2
el Camp d'en Grassot i Gracia Nova,1047,1
el Camp d'en Grassot i Gracia Nova,793,2
el Camp d'en Grassot i Gracia Nova,587,1
el Camp d'en Grassot i Gracia Nova,507,2
el Camp d'en Grassot i Gracia Nova,889,1
el Camp d'en Grassot i Gracia Nova,757,2
el Camp d'en Grassot i Gracia Nova,751,1
el Camp d'en Grassot i Gracia Nova,626,2
el Camp d'en Grassot i Gracia Nova,591,1
el Camp d'en Grassot i Gracia Nova,557,2
el Camp d'en Grassot i Gracia Nova,563,1
el Camp d'en Grassot i Gracia Nova,507,2
el Camp d'en Grassot i Gracia Nova,668,1
el Camp d'en Grassot i Gracia Nova,634,2
el Camp d'en Grassot i Gracia Nova,652,1
el Camp d'en Grassot i Gracia Nova,537,2
el Camp d'en Grassot i Gracia Nova,684,1
el Camp d'en Grassot i Gracia Nova,614,2
el Camp d'en Grassot i Gracia Nova,632,1
el Camp d'en Grassot i Gracia Nova,497,2
el Camp d'en Grassot i Gracia Nova,624,1
el Camp d'en Grassot i Gracia Nova,552,2
el Camp d'en Grassot i Gracia Nova,732,1
el Camp d'en Grassot i Gracia Nova,595,2
el Camp d'en Grassot i Gracia Nova,1388,1
el Camp d'en Grassot i Gracia Nova,1317,2
el Camp d'en Grassot i Gracia Nova,901,1
el Camp d'en Grassot i Gracia Nova,834,2
el Camp d'en Grassot i Gracia Nova,825,1
el Camp d'en Grassot i Gracia Nova,661,2
el Camp d'en Grassot i Gracia Nova,703,1
el Camp d'en Grassot i Gracia Nova,564,2
el Camp d'en Grassot i Gracia Nova,519,1
el Camp d'en Grassot i Gracia Nova,465,2
el Camp d'en Grassot i Gracia Nova,1009,1
el Camp d'en Grassot i Gracia Nova,858,2
el Camp d'en Grassot i Gracia Nova,687,1
el Camp d'en Grassot i Gracia Nova,546,2
el Baix Guinardo,869,1
el Baix Guinardo,708,2
el Baix Guinardo,639,1
el Baix Guinardo,511,2
el Baix Guinardo,715,1
el Baix Guinardo,593,2
el Baix Guinardo,824,1
el Baix Guinardo,710,2
el Baix Guinardo,756,1
el Baix Guinardo,677,2
el Baix Guinardo,515,1
el Baix Guinardo,451,2
el Baix Guinardo,761,1
el Baix Guinardo,635,2
el Baix Guinardo,743,1
el Baix Guinardo,686,2
el Baix Guinardo,661,1
el Baix Guinardo,523,2
el Baix Guinardo,720,1
el Baix Guinardo,646,2
el Baix Guinardo,608,1
el Baix Guinardo,535,2
el Baix Guinardo,846,1
el Baix Guinardo,710,2
el Baix Guinardo,641,1
el Baix Guinardo,567,2
el Baix Guinardo,475,1
el Baix Guinardo,402,2
el Baix Guinardo,746,1
el Baix Guinardo,681,2
el Baix Guinardo,694,1
el Baix Guinardo,671,2
el Baix Guinardo,945,1
el Baix Guinardo,786,2
el Baix Guinardo,930,1
el Baix Guinardo,762,2
el Baix Guinardo,789,1
el Baix Guinardo,711,2
Can Baro,935,1
Can Baro,805,2
Can Baro,545,1
Can Baro,517,2
Can Baro,616,1
Can Baro,543,2
Can Baro,655,1
Can Baro,650,2
Can Baro,799,1
Can Baro,693,2
Can Baro,772,1
Can Baro,683,2
Can Baro,597,1
Can Baro,510,2
el Guinardo,1119,1
el Guinardo,991,2
el Guinardo,754,1
el Guinardo,718,2
el Guinardo,668,1
el Guinardo,623,2
el Guinardo,776,1
el Guinardo,621,2
el Guinardo,830,1
el Guinardo,767,2
el Guinardo,741,1
el Guinardo,706,2
el Guinardo,767,1
el Guinardo,677,2
el Guinardo,966,1
el Guinardo,874,2
el Guinardo,951,1
el Guinardo,833,2
el Guinardo,766,1
el Guinardo,631,2
el Guinardo,799,1
el Guinardo,686,2
el Guinardo,663,1
el Guinardo,593,2
el Guinardo,883,1
el Guinardo,750,2
el Guinardo,815,1
el Guinardo,667,2
el Guinardo,735,1
el Guinardo,631,2
el Guinardo,831,1
el Guinardo,681,2
el Guinardo,760,1
el Guinardo,655,2
el Guinardo,701,1
el Guinardo,620,2
el Guinardo,828,1
el Guinardo,785,2
el Guinardo,748,1
el Guinardo,649,2
el Guinardo,771,1
el Guinardo,722,2
el Guinardo,731,1
el Guinardo,603,2
el Guinardo,650,1
el Guinardo,587,2
el Guinardo,644,1
el Guinardo,572,2
el Guinardo,968,1
el Guinardo,818,2
la Font d'en Fargues,646,1
la Font d'en Fargues,610,2
la Font d'en Fargues,779,1
la Font d'en Fargues,678,2
la Font d'en Fargues,839,1
la Font d'en Fargues,753,2
la Font d'en Fargues,638,1
la Font d'en Fargues,550,2
la Font d'en Fargues,609,1
la Font d'en Fargues,594,2
la Font d'en Fargues,758,1
la Font d'en Fargues,686,2
la Font d'en Fargues,709,1
la Font d'en Fargues,656,2
el Carmel,698,1
el Carmel,637,2
el Carmel,956,1
el Carmel,898,2
el Carmel,620,1
el Carmel,590,2
el Carmel,714,1
el Carmel,666,2
el Carmel,755,1
el Carmel,705,2
el Carmel,914,1
el Carmel,809,2
el Carmel,946,1
el Carmel,838,2
el Carmel,948,1
el Carmel,863,2
el Carmel,842,1
el Carmel,739,2
el Carmel,715,1
el Carmel,622,2
el Carmel,768,1
el Carmel,700,2
el Carmel,778,1
el Carmel,693,2
el Carmel,719,1
el Carmel,638,2
el Carmel,750,1
el Carmel,654,2
el Carmel,625,1
el Carmel,520,2
el Carmel,900,1
el Carmel,816,2
el Carmel,637,1
el Carmel,594,2
el Carmel,734,1
el Carmel,669,2
el Carmel,700,1
el Carmel,658,2
el Carmel,718,1
el Carmel,691,2
el Carmel,776,1
el Carmel,693,2
el Carmel,953,1
el Carmel,865,2
la Teixonera,1021,1
la Teixonera,967,2
la Teixonera,666,1
la Teixonera,620,2
la Teixonera,722,1
la Teixonera,661,2
la Teixonera,686,1
la Teixonera,683,2
la Teixonera,637,1
la Teixonera,616,2
la Teixonera,762,1
la Teixonera,696,2
la Teixonera,868,1
la Teixonera,729,2
la Teixonera,886,1
la Teixonera,824,2
Sant Genis dels Agudells,742,1
Sant Genis dels Agudells,606,2
Sant Genis dels Agudells,763,1
Sant Genis dels Agudells,718,2
Sant Genis dels Agudells,645,1
Sant Genis dels Agudells,572,2
Sant Genis dels Agudells,871,1
Sant Genis dels Agudells,700,2
Sant Genis dels Agudells,875,1
Sant Genis dels Agudells,893,2
Montbau,685,1
Montbau,571,2
Montbau,826,1
Montbau,730,2
Montbau,804,1
Montbau,636,2
Montbau,497,1
Montbau,365,2
la Vall d'Hebron,1170,1
la Vall d'Hebron,1017,2
la Vall d'Hebron,540,1
la Vall d'Hebron,496,2
la Vall d'Hebron,658,1
la Vall d'Hebron,555,2
la Vall d'Hebron,801,1
la Vall d'Hebron,695,2
la Clota,335,1
la Clota,363,2
Horta,832,1
Horta,751,2
Horta,828,1
Horta,727,2
Horta,552,1
Horta,483,2
Horta,632,1
Horta,544,2
Horta,616,1
Horta,565,2
Horta,658,1
Horta,577,2
Horta,875,1
Horta,772,2
Horta,578,1
Horta,452,2
Horta,503,1
Horta,390,2
Horta,679,1
Horta,624,2
Horta,633,1
Horta,565,2
Horta,636,1
Horta,553,2
Horta,568,1
Horta,492,2
Horta,837,1
Horta,680,2
Horta,1316,1
Horta,1457,2
Horta,677,1
Horta,565,2
Horta,692,1
Horta,600,2
Horta,695,1
Horta,561,2
Horta,640,1
Horta,517,2
Horta,723,1
Horta,590,2
Horta,748,1
Horta,672,2
Vilapicina i la Torre Llobeta,678,1
Vilapicina i la Torre Llobeta,581,2
Vilapicina i la Torre Llobeta,676,1
Vilapicina i la Torre Llobeta,575,2
Vilapicina i la Torre Llobeta,637,1
Vilapicina i la Torre Llobeta,559,2
Vilapicina i la Torre Llobeta,785,1
Vilapicina i la Torre Llobeta,636,2
Vilapicina i la Torre Llobeta,618,1
Vilapicina i la Torre Llobeta,536,2
Vilapicina i la Torre Llobeta,862,1
Vilapicina i la Torre Llobeta,755,2
Vilapicina i la Torre Llobeta,659,1
Vilapicina i la Torre Llobeta,531,2
Vilapicina i la Torre Llobeta,865,1
Vilapicina i la Torre Llobeta,757,2
Vilapicina i la Torre Llobeta,934,1
Vilapicina i la Torre Llobeta,859,2
Vilapicina i la Torre Llobeta,592,1
Vilapicina i la Torre Llobeta,495,2
Vilapicina i la Torre Llobeta,632,1
Vilapicina i la Torre Llobeta,545,2
Vilapicina i la Torre Llobeta,739,1
Vilapicina i la Torre Llobeta,578,2
Vilapicina i la Torre Llobeta,643,1
Vilapicina i la Torre Llobeta,524,2
Vilapicina i la Torre Llobeta,705,1
Vilapicina i la Torre Llobeta,593,2
Vilapicina i la Torre Llobeta,825,1
Vilapicina i la Torre Llobeta,641,2
Vilapicina i la Torre Llobeta,625,1
Vilapicina i la Torre Llobeta,508,2
Vilapicina i la Torre Llobeta,728,1
Vilapicina i la Torre Llobeta,655,2
Vilapicina i la Torre Llobeta,805,1
Vilapicina i la Torre Llobeta,708,2
Vilapicina i la Torre Llobeta,991,1
Vilapicina i la Torre Llobeta,840,2
Porta,739,1
Porta,651,2
Porta,787,1
Porta,678,2
Porta,671,1
Porta,581,2
Porta,749,1
Porta,645,2
Porta,741,1
Porta,621,2
Porta,666,1
Porta,523,2
Porta,744,1
Porta,640,2
Porta,709,1
Porta,699,2
Porta,602,1
Porta,494,2
Porta,801,1
Porta,700,2
Porta,786,1
Porta,716,2
Porta,695,1
Porta,603,2
Porta,698,1
Porta,594,2
Porta,784,1
Porta,703,2
Porta,712,1
Porta,534,2
Porta,2136,1
Porta,2299,2
Porta,831,1
Porta,703,2
Porta,880,1
Porta,681,2
el Turo de la Peira,851,1
el Turo de la Peira,717,2
el Turo de la Peira,818,1
el Turo de la Peira,746,2
el Turo de la Peira,1005,1
el Turo de la Peira,903,2
el Turo de la Peira,1353,1
el Turo de la Peira,1293,2
el Turo de la Peira,694,1
el Turo de la Peira,546,2
el Turo de la Peira,644,1
el Turo de la Peira,493,2
el Turo de la Peira,688,1
el Turo de la Peira,611,2
el Turo de la Peira,899,1
el Turo de la Peira,882,2
el Turo de la Peira,783,1
el Turo de la Peira,635,2
el Turo de la Peira,874,1
el Turo de la Peira,751,2
Can Peguera,521,1
Can Peguera,457,2
Can Peguera,660,1
Can Peguera,577,2
la Guineueta,733,1
la Guineueta,652,2
la Guineueta,695,1
la Guineueta,648,2
la Guineueta,503,1
la Guineueta,403,2
la Guineueta,615,1
la Guineueta,523,2
la Guineueta,926,1
la Guineueta,745,2
la Guineueta,960,1
la Guineueta,862,2
la Guineueta,896,1
la Guineueta,676,2
la Guineueta,778,1
la Guineueta,710,2
la Guineueta,717,1
la Guineueta,614,2
la Guineueta,870,1
la Guineueta,750,2
la Guineueta,520,1
la Guineueta,471,2
Canyelles,646,1
Canyelles,531,2
Canyelles,848,1
Canyelles,794,2
Canyelles,602,1
Canyelles,545,2
Canyelles,560,1
Canyelles,507,2
Canyelles,928,1
Canyelles,852,2
les Roquetes,885,1
les Roquetes,911,2
les Roquetes,843,1
les Roquetes,805,2
les Roquetes,927,1
les Roquetes,865,2
les Roquetes,1028,1
les Roquetes,945,2
les Roquetes,823,1
les Roquetes,756,2
les Roquetes,775,1
les Roquetes,711,2
les Roquetes,902,1
les Roquetes,855,2
les Roquetes,653,1
les Roquetes,558,2
les Roquetes,937,1
les Roquetes,821,2
les Roquetes,803,1
les Roquetes,760,2
Verdun,1047,1
Verdun,882,2
Verdun,880,1
Verdun,740,2
Verdun,779,1
Verdun,668,2
Verdun,831,1
Verdun,732,2
Verdun,773,1
Verdun,674,2
Verdun,804,1
Verdun,757,2
Verdun,881,1
Verdun,810,2
Verdun,885,1
Verdun,722,2
la Prosperitat,702,1
la Prosperitat,617,2
la Prosperitat,629,1
la Prosperitat,518,2
la Prosperitat,750,1
la Prosperitat,718,2
la Prosperitat,919,1
la Prosperitat,795,2
la Prosperitat,671,1
la Prosperitat,586,2
la Prosperitat,684,1
la Prosperitat,597,2
la Prosperitat,661,1
la Prosperitat,580,2
la Prosperitat,643,1
la Prosperitat,566,2
la Prosperitat,646,1
la Prosperitat,557,2
la Prosperitat,524,1
la Prosperitat,473,2
la Prosperitat,648,1
la Prosperitat,628,2
la Prosperitat,768,1
la Prosperitat,695,2
la Prosperitat,557,1
la Prosperitat,511,2
la Prosperitat,809,1
la Prosperitat,735,2
la Prosperitat,732,1
la Prosperitat,630,2
la Prosperitat,667,1
la Prosperitat,600,2
la Prosperitat,767,1
la Prosperitat,698,2
la Prosperitat,706,1
la Prosperitat,591,2
la Prosperitat,925,1
la Prosperitat,823,2
la Prosperitat,874,1
la Prosperitat,668,2
la Trinitat Nova,848,1
la Trinitat Nova,832,2
la Trinitat Nova,658,1
la Trinitat Nova,602,2
la Trinitat Nova,794,1
la Trinitat Nova,690,2
la Trinitat Nova,645,1
la Trinitat Nova,617,2
la Trinitat Nova,1021,1
la Trinitat Nova,921,2
Torre Baro,977,1
Torre Baro,965,2
Torre Baro,485,1
Torre Baro,496,2
Ciutat Meridiana,1039,1
Ciutat Meridiana,1019,2
Ciutat Meridiana,897,1
Ciutat Meridiana,819,2
Ciutat Meridiana,883,1
Ciutat Meridiana,867,2
Ciutat Meridiana,927,1
Ciutat Meridiana,873,2
Ciutat Meridiana,1043,1
Ciutat Meridiana,1006,2
Ciutat Meridiana,899,1
Ciutat Meridiana,880,2
Vallbona,716,1
Vallbona,685,2
la Trinitat Vella,1319,1
la Trinitat Vella,1452,2
la Trinitat Vella,1089,1
la Trinitat Vella,1075,2
la Trinitat Vella,1053,1
la Trinitat Vella,1144,2
la Trinitat Vella,868,1
la Trinitat Vella,853,2
la Trinitat Vella,833,1
la Trinitat Vella,827,2
Baro de Viver,642,1
Baro de Viver,635,2
Baro de Viver,713,1
Baro de Viver,663,2
el Bon Pastor,925,1
el Bon Pastor,941,2
el Bon Pastor,749,1
el Bon Pastor,693,2
el Bon Pastor,941,1
el Bon Pastor,863,2
el Bon Pastor,878,1
el Bon Pastor,847,2
el Bon Pastor,1072,1
el Bon Pastor,969,2
el Bon Pastor,1349,1
el Bon Pastor,1659,2
el Bon Pastor,956,1
el Bon Pastor,888,2
Sant Andreu,714,1
Sant Andreu,622,2
Sant Andreu,793,1
Sant Andreu,734,2
Sant Andreu,777,1
Sant Andreu,715,2
Sant Andreu,1388,1
Sant Andreu,1321,2
Sant Andreu,626,1
Sant Andreu,527,2
Sant Andreu,722,1
Sant Andreu,656,2
Sant Andreu,666,1
Sant Andreu,612,2
Sant Andreu,626,1
Sant Andreu,614,2
Sant Andreu,660,1
Sant Andreu,517,2
Sant Andreu,656,1
Sant Andreu,550,2
Sant Andreu,800,1
Sant Andreu,724,2
Sant Andreu,676,1
Sant Andreu,625,2
Sant Andreu,822,1
Sant Andreu,777,2
Sant Andreu,586,1
Sant Andreu,530,2
Sant Andreu,775,1
Sant Andreu,676,2
Sant Andreu,607,1
Sant Andreu,585,2
Sant Andreu,1175,1
Sant Andreu,1036,2
Sant Andreu,1668,1
Sant Andreu,1544,2
Sant Andreu,757,1
Sant Andreu,658,2
Sant Andreu,844,1
Sant Andreu,758,2
Sant Andreu,741,1
Sant Andreu,660,2
Sant Andreu,790,1
Sant Andreu,784,2
Sant Andreu,950,1
Sant Andreu,812,2
Sant Andreu,814,1
Sant Andreu,722,2
Sant Andreu,844,1
Sant Andreu,742,2
Sant Andreu,744,1
Sant Andreu,628,2
Sant Andreu,691,1
Sant Andreu,569,2
Sant Andreu,717,1
Sant Andreu,612,2
Sant Andreu,765,1
Sant Andreu,727,2
Sant Andreu,767,1
Sant Andreu,659,2
Sant Andreu,687,1
Sant Andreu,636,2
Sant Andreu,850,1
Sant Andreu,770,2
Sant Andreu,741,1
Sant Andreu,638,2
Sant Andreu,724,1
Sant Andreu,610,2
Sant Andreu,805,1
Sant Andreu,728,2
Sant Andreu,652,1
Sant Andreu,600,2
Sant Andreu,643,1
Sant Andreu,571,2
Sant Andreu,867,1
Sant Andreu,739,2
Sant Andreu,597,1
Sant Andreu,510,2
la Sagrera,915,1
la Sagrera,825,2
la Sagrera,606,1
la Sagrera,551,2
la Sagrera,865,1
la Sagrera,791,2
la Sagrera,824,1
la Sagrera,698,2
la Sagrera,722,1
la Sagrera,675,2
la Sagrera,729,1
la Sagrera,611,2
la Sagrera,675,1
la Sagrera,591,2
la Sagrera,854,1
la Sagrera,789,2
la Sagrera,712,1
la Sagrera,647,2
la Sagrera,607,1
la Sagrera,558,2
la Sagrera,612,1
la Sagrera,551,2
la Sagrera,1121,1
la Sagrera,970,2
la Sagrera,762,1
la Sagrera,681,2
la Sagrera,837,1
la Sagrera,697,2
la Sagrera,805,1
la Sagrera,748,2
la Sagrera,503,1
la Sagrera,410,2
la Sagrera,954,1
la Sagrera,778,2
la Sagrera,1040,1
la Sagrera,880,2
la Sagrera,788,1
la Sagrera,673,2
la Sagrera,792,1
la Sagrera,721,2
el Congres i els Indians,897,1
el Congres i els Indians,781,2
el Congres i els Indians,808,1
el Congres i els Indians,758,2
el Congres i els Indians,803,1
el Congres i els Indians,666,2
el Congres i els Indians,897,1
el Congres i els Indians,738,2
el Congres i els Indians,772,1
el Congres i els Indians,671,2
el Congres i els Indians,863,1
el Congres i els Indians,781,2
el Congres i els Indians,706,1
el Congres i els Indians,640,2
el Congres i els Indians,928,1
el Congres i els Indians,810,2
el Congres i els Indians,1072,1
el Congres i els Indians,958,2
Navas,840,1
Navas,754,2
Navas,920,1
Navas,829,2
Navas,974,1
Navas,839,2
Navas,789,1
Navas,663,2
Navas,679,1
Navas,622,2
Navas,1059,1
Navas,850,2
Navas,834,1
Navas,693,2
Navas,866,1
Navas,741,2
Navas,1016,1
Navas,884,2
Navas,1008,1
Navas,925,2
Navas,703,1
Navas,603,2
Navas,1075,1
Navas,978,2
Navas,1125,1
Navas,1030,2
el Camp de l'Arpa del Clot,832,1
el Camp de l'Arpa del Clot,794,2
el Camp de l'Arpa del Clot,919,1
el Camp de l'Arpa del Clot,856,2
el Camp de l'Arpa del Clot,825,1
el Camp de l'Arpa del Clot,749,2
el Camp de l'Arpa del Clot,871,1
el Camp de l'Arpa del Clot,709,2
el Camp de l'Arpa del Clot,924,1
el Camp de l'Arpa del Clot,751,2
el Camp de l'Arpa del Clot,988,1
el Camp de l'Arpa del Clot,874,2
el Camp de l'Arpa del Clot,682,1
el Camp de l'Arpa del Clot,641,2
el Camp de l'Arpa del Clot,953,1
el Camp de l'Arpa del Clot,806,2
el Camp de l'Arpa del Clot,852,1
el Camp de l'Arpa del Clot,765,2
el Camp de l'Arpa del Clot,929,1
el Camp de l'Arpa del Clot,816,2
el Camp de l'Arpa del Clot,639,1
el Camp de l'Arpa del Clot,549,2
el Camp de l'Arpa del Clot,960,1
el Camp de l'Arpa del Clot,863,2
el Camp de l'Arpa del Clot,769,1
el Camp de l'Arpa del Clot,637,2
el Camp de l'Arpa del Clot,816,1
el Camp de l'Arpa del Clot,712,2
el Camp de l'Arpa del Clot,1000,1
el Camp de l'Arpa del Clot,934,2
el Camp de l'Arpa del Clot,632,1
el Camp de l'Arpa del Clot,601,2
el Camp de l'Arpa del Clot,916,1
el Camp de l'Arpa del Clot,766,2
el Camp de l'Arpa del Clot,781,1
el Camp de l'Arpa del Clot,693,2
el Camp de l'Arpa del Clot,839,1
el Camp de l'Arpa del Clot,732,2
el Camp de l'Arpa del Clot,778,1
el Camp de l'Arpa del Clot,704,2
el Camp de l'Arpa del Clot,708,1
el Camp de l'Arpa del Clot,661,2
el Camp de l'Arpa del Clot,736,1
el Camp de l'Arpa del Clot,628,2
el Camp de l'Arpa del Clot,784,1
el Camp de l'Arpa del Clot,651,2
el Camp de l'Arpa del Clot,742,1
el Camp de l'Arpa del Clot,711,2
el Camp de l'Arpa del Clot,746,1
el Camp de l'Arpa del Clot,614,2
el Clot,799,1
el Clot,728,2
el Clot,792,1
el Clot,690,2
el Clot,928,1
el Clot,884,2
el Clot,737,1
el Clot,683,2
el Clot,932,1
el Clot,819,2
el Clot,785,1
el Clot,752,2
el Clot,710,1
el Clot,673,2
el Clot,475,1
el Clot,381,2
el Clot,904,1
el Clot,817,2
el Clot,1009,1
el Clot,975,2
el Clot,720,1
el Clot,712,2
el Clot,545,1
el Clot,498,2
el Clot,992,1
el Clot,837,2
el Clot,840,1
el Clot,761,2
el Clot,984,1
el Clot,893,2
el Clot,933,1
el Clot,895,2
el Clot,871,1
el Clot,805,2
el Parc i la Llacuna del Poblenou,1591,1
el Parc i la Llacuna del Poblenou,1474,2
el Parc i la Llacuna del Poblenou,1217,1
el Parc i la Llacuna del Poblenou,1205,2
el Parc i la Llacuna del Poblenou,816,1
el Parc i la Llacuna del Poblenou,731,2
el Parc i la Llacuna del Poblenou,683,1
el Parc i la Llacuna del Poblenou,638,2
el Parc i la Llacuna del Poblenou,647,1
el Parc i la Llacuna del Poblenou,575,2
el Parc i la Llacuna del Poblenou,912,1
el Parc i la Llacuna del Poblenou,854,2
el Parc i la Llacuna del Poblenou,854,1
el Parc i la Llacuna del Poblenou,823,2
el Parc i la Llacuna del Poblenou,661,1
el Parc i la Llacuna del Poblenou,660,2
el Parc i la Llacuna del Poblenou,838,1
el Parc i la Llacuna del Poblenou,735,2
la Vila Olimpica del Poblenou,839,1
la Vila Olimpica del Poblenou,791,2
la Vila Olimpica del Poblenou,1224,1
la Vila Olimpica del Poblenou,1217,2
la Vila Olimpica del Poblenou,888,1
la Vila Olimpica del Poblenou,854,2
la Vila Olimpica del Poblenou,498,1
la Vila Olimpica del Poblenou,460,2
la Vila Olimpica del Poblenou,1331,1
la Vila Olimpica del Poblenou,1293,2
el Poblenou,971,1
el Poblenou,955,2
el Poblenou,734,1
el Poblenou,718,2
el Poblenou,572,1
el Poblenou,566,2
el Poblenou,928,1
el Poblenou,852,2
el Poblenou,837,1
el Poblenou,841,2
el Poblenou,920,1
el Poblenou,841,2
el Poblenou,785,1
el Poblenou,748,2
el Poblenou,601,1
el Poblenou,572,2
el Poblenou,897,1
el Poblenou,805,2
el Poblenou,818,1
el Poblenou,759,2
el Poblenou,1069,1
el Poblenou,1035,2
el Poblenou,986,1
el Poblenou,909,2
el Poblenou,849,1
el Poblenou,827,2
el Poblenou,1441,1
el Poblenou,1330,2
el Poblenou,876,1
el Poblenou,787,2
el Poblenou,946,1
el Poblenou,895,2
el Poblenou,1019,1
el Poblenou,1002,2
el Poblenou,764,1
el Poblenou,711,2
el Poblenou,858,1
el Poblenou,809,2
el Poblenou,804,1
el Poblenou,774,2
Diagonal Mar i el Front Maritim del Poblenou,1147,1
Diagonal Mar i el Front Maritim del Poblenou,1105,2
Diagonal Mar i el Front Maritim del Poblenou,705,1
Diagonal Mar i el Front Maritim del Poblenou,624,2
Diagonal Mar i el Front Maritim del Poblenou,864,1
Diagonal Mar i el Front Maritim del Poblenou,753,2
Diagonal Mar i el Front Maritim del Poblenou,932,1
Diagonal Mar i el Front Maritim del Poblenou,938,2
Diagonal Mar i el Front Maritim del Poblenou,1240,1
Diagonal Mar i el Front Maritim del Poblenou,1202,2
Diagonal Mar i el Front Maritim del Poblenou,912,1
Diagonal Mar i el Front Maritim del Poblenou,844,2
Diagonal Mar i el Front Maritim del Poblenou,1138,1
Diagonal Mar i el Front Maritim del Poblenou,1132,2
el Besos i el Maresme,1063,1
el Besos i el Maresme,1081,2
el Besos i el Maresme,941,1
el Besos i el Maresme,1028,2
el Besos i el Maresme,995,1
el Besos i el Maresme,1302,2
el Besos i el Maresme,831,1
el Besos i el Maresme,841,2
el Besos i el Maresme,1032,1
el Besos i el Maresme,1088,2
el Besos i el Maresme,982,1
el Besos i el Maresme,1007,2
el Besos i el Maresme,946,1
el Besos i el Maresme,933,2
el Besos i el Maresme,847,1
el Besos i el Maresme,827,2
el Besos i el Maresme,1682,1
el Besos i el Maresme,2670,2
el Besos i el Maresme,791,1
el Besos i el Maresme,723,2
el Besos i el Maresme,1013,1
el Besos i el Maresme,984,2
el Besos i el Maresme,778,1
el Besos i el Maresme,681,2
el Besos i el Maresme,539,1
el Besos i el Maresme,511,2
Provençals del Poblenou,1517,1
Provençals del Poblenou,1542,2
Provençals del Poblenou,656,1
Provençals del Poblenou,635,2
Provençals del Poblenou,868,1
Provençals del Poblenou,765,2
Provençals del Poblenou,842,1
Provençals del Poblenou,739,2
Provençals del Poblenou,938,1
Provençals del Poblenou,840,2
Provençals del Poblenou,618,1
Provençals del Poblenou,535,2
Provençals del Poblenou,904,1
Provençals del Poblenou,803,2
Provençals del Poblenou,827,1
Provençals del Poblenou,862,2
Provençals del Poblenou,1372,1
Provençals del Poblenou,1231,2
Provençals del Poblenou,1140,1
Provençals del Poblenou,1036,2
Provençals del Poblenou,843,1
Provençals del Poblenou,748,2
Provençals del Poblenou,511,1
Provençals del Poblenou,413,2
Sant Marti de Provençals,1182,1
Sant Marti de Provençals,1013,2
Sant Marti de Provençals,544,1
Sant Marti de Provençals,473,2
Sant Marti de Provençals,788,1
Sant Marti de Provençals,742,2
Sant Marti de Provençals,715,1
Sant Marti de Provençals,597,2
Sant Marti de Provençals,880,1
Sant Marti de Provençals,788,2
Sant Marti de Provençals,943,1
Sant Marti de Provençals,771,2
Sant Marti de Provençals,689,1
Sant Marti de Provençals,626,2
Sant Marti de Provençals,804,1
Sant Marti de Provençals,733,2
Sant Marti de Provençals,614,1
Sant Marti de Provençals,570,2
Sant Marti de Provençals,778,1
Sant Marti de Provençals,722,2
Sant Marti de Provençals,740,1
Sant Marti de Provençals,668,2
Sant Marti de Provençals,1017,1
Sant Marti de Provençals,857,2
Sant Marti de Provençals,680,1
Sant Marti de Provençals,594,2
Sant Marti de Provençals,524,1
Sant Marti de Provençals,470,2
Sant Marti de Provençals,619,1
Sant Marti de Provençals,538,2
Sant Marti de Provençals,807,1
Sant Marti de Provençals,658,2
Sant Marti de Provençals,850,1
Sant Marti de Provençals,745,2
Sant Marti de Provençals,784,1
Sant Marti de Provençals,706,2
la Verneda i la Pau,695,1
la Verneda i la Pau,654,2
la Verneda i la Pau,577,1
la Verneda i la Pau,533,2
la Verneda i la Pau,568,1
la Verneda i la Pau,522,2
la Verneda i la Pau,529,1
la Verneda i la Pau,476,2
la Verneda i la Pau,512,1
la Verneda i la Pau,505,2
la Verneda i la Pau,855,1
la Verneda i la Pau,731,2
la Verneda i la Pau,599,1
la Verneda i la Pau,558,2
la Verneda i la Pau,626,1
la Verneda i la Pau,576,2
la Verneda i la Pau,594,1
la Verneda i la Pau,520,2
la Verneda i la Pau,680,1
la Verneda i la Pau,580,2
la Verneda i la Pau,902,1
la Verneda i la Pau,807,2
la Verneda i la Pau,877,1
la Verneda i la Pau,682,2
la Verneda i la Pau,649,1
la Verneda i la Pau,589,2
la Verneda i la Pau,728,1
la Verneda i la Pau,642,2
la Verneda i la Pau,821,1
la Verneda i la Pau,762,2
la Verneda i la Pau,852,1
la Verneda i la Pau,747,2
la Verneda i la Pau,897,1
la Verneda i la Pau,816,2
la Verneda i la Pau,861,1
la Verneda i la Pau,810,2
la Verneda i la Pau,585,1
la Verneda i la Pau,532,2
la Verneda i la Pau,842,1
la Verneda i la Pau,780,2
la Verneda i la Pau,911,1
la Verneda i la Pau,816,2
